,sentence,word_count,Sentiment_score,Sentiment_SIA
0,love echo,2,0.6369,Positive
1,loved,1,0.5994,Positive
2,playing game answer question correctly alexa wrong answer turn light,10,-0.3182,Negative
3,lot fun thing yr learns dinosaur control light play game category nice sound playing music,15,0.8519,Positive
4,music,1,0.0,Neutral
5,received echo gift needed bluetooth play music easily accessible smart speaker cant wait,13,0.8555,Positive
6,cell phone feature i pad great alarm deaf hear alarm bedroom living room reason her it fun random question hear response smart bon politics,24,0.743,Positive
7,ive purchased working room house feature offer specifi ly playing music echo controlling light house,15,0.6597,Positive
8,great,1,0.6249,Positive
9,love ive listened song havent heard childhood news weather great,10,0.8519,Positive
10,year dad talk constantly,4,0.0,Neutral
11,love learning knew thing evey day figuring work easy understand laugh time,12,0.8934,Positive
12,purchased mother knee problem fast did she enjoys little big thing do alexa play song time cook,17,0.4588,Positive
13,love love love,3,0.9274,Positive
14,expected,1,0.0,Neutral
15,love wife hate,3,0.128,Positive
16,happy purchase great speaker easy set,6,0.8934,Positive
17,alexa couple day lot fun toy household member learn featues benefit,11,0.743,Positive
18,love size generation echo little improvement sound,7,0.785,Positive
19,original echo shorter greater fabric color choice volume ring top plus minus button big deal ring comforting standard usb charger port previous round pin guess sound work answer alexa echo computer,31,0.8074,Positive
20,love echo good music sound playing alexa understands command difficult time find specific playlist song spot if y good amazon music lacking major program,24,0.875,Positive
21,love alexa play music play radio itunes play podcasts any pod set reminder listen flash briefing news weather morning rely custom list voice control volume continue find uses sometimes bit frustrating alexa doesnt understand,34,0.8176,Positive
22,set day adding smart device speaker great playing music size stationed kitchen counter intrusive,14,0.8225,Positive
23,love play sleep sound,4,0.765,Positive
24,second unit bedroom expecting sound improved didnt difference big improvement st generation,12,0.1581,Positive
25,amazing product,2,0.5859,Positive
26,love echo easy operate load fun it advertised play favorite tune test alex as knowledge,15,0.9413,Positive
27,sound great love,3,0.8519,Positive
28,fun item play hard time answering question better,8,0.802,Positive
29,,0,0.0,Neutral
30,learning capabilities but pretty pretty pretty good,7,0.9568,Positive
31,,0,0.0,Neutral
32,work learning command unique owner user alexa learn tas has birthday alexa learn definition fine great,16,0.7096,Positive
33,speaker sound pretty good small setup pretty easy bought reason rate instruction synching music unit ive correctly sync primary motivation purchasing multiple unit,23,0.9274,Positive
34,device awesome,2,0.6249,Positive
35,bought compare speaker quality generation speaker sound better ship daughter fact generation chargeable base bought mobile better sound,18,0.7003,Positive
36,love echo learning thing follow instruction included package great u tube,11,0.8519,Positive
37,speaker better st generation echo,5,0.4404,Positive
38,thing cool cool,3,0.5574,Positive
39,digital assistant good review speaker good cheap price prime day fun play alarm clock going place ended echo havent definitely it what best number device connect purchase smart plug connect lamp alexa turn light,34,0.933,Positive
40,husband like listen music knew capability,6,0.3612,Positive
41,android allow alexa connect fortunately sister apple cell hour tech support fixed glitch running,14,0.5574,Positive
42,good,1,0.4404,Positive
43,play broadway camelot ne group camelot,6,0.34,Positive
44,great,1,0.6249,Positive
45,satisfied echo alexa control light family room wife listen jimmy buffet alexa,12,0.4215,Positive
46,siri fact siri answer accurately alexa dont real household good bargain prime day deal,14,-0.1546,Negative
47,love echo learning thing work ton fun,7,0.8176,Positive
48,love,1,0.6369,Positive
49,apple play specific list music amazon spot if y plus prime etc account pay play music star reason,18,0.6249,Positive
50,excelente lo unico e esta en espaol,7,0.0,Neutral
51,learning echo great sound better expecting,6,0.7906,Positive
52,work expect good sound quality considering price sale feature,9,0.4404,Positive
53,sound echo generation phenomenal mention love alexa helpful,8,0.7906,Positive
54,google better,2,0.4404,Positive
55,play learn,2,0.34,Positive
56,work advertised easy setup learning,5,0.4404,Positive
57,great sound easy set,4,0.7906,Positive
58,love alexa bought friend,4,0.8126,Positive
59,love echo purchased company husband alexa great tell joke play favorite song,12,0.9423,Positive
60,,0,0.0,Neutral
61,love listen music easily learning feature,6,0.765,Positive
62,device thing overview,3,0.0,Neutral
63,love built hub,3,0.6369,Positive
64,play music work wonderfully thing amazon tip help,8,0.8658,Positive
65,easy set,2,0.4404,Positive
66,fast response amazing clear concise answer sound quality fantastic alexia us de echo full extent,15,0.875,Positive
67,need na nana,3,0.0,Neutral
68,expected,1,0.0,Neutral
69,love echo work dont smart speak function good,8,0.7043,Positive
70,great sound small package easy set fun,7,0.8834,Positive
71,work sound great,3,0.6249,Positive
72,sound amazing collection music,4,0.5859,Positive
73,setting,1,0.0,Neutral
74,doesnt listen,2,0.0,Neutral
75,awesome,1,0.6249,Positive
76,bought control fios television work hoping time control fios discovered thing alexa play music great sound alexa play game play radio station play time radio program long ranger alexa apps add ability day played madlibs great fun alexa control household appliance purchased alexa compatible power strip control lighting fan tv component forward implementing controll add alexa component chosen music play room component located,63,0.9839,Positive
77,speaker excellent sound work perfectly,5,0.836,Positive
78,,0,0.0,Neutral
79,love,1,0.6369,Positive
80,little nervous received echo tech savvy bit intimidating didnt long figure happy purchase thinking adding echo spot,17,-0.7721,Negative
81,learning,1,0.0,Neutral
82,great technology cant speaker volume quality wonderful bought,8,0.8316,Positive
83,purchased echo dot husband father day constantly hearing quality sound echo generation no brainer best gift,16,0.7096,Positive
84,work fine,2,0.2023,Positive
85,,0,0.0,Neutral
86,clear music,2,0.3818,Positive
87,fun good sound quality,4,0.7351,Positive
88,echo work sync amazon music device,6,0.1779,Positive
89,work great dont amazon charge cent unlimited music prime buy echo,11,0.5547,Positive
90,echo dot echo better fuller sound setup phone call contact list great,12,0.7906,Positive
91,speaker sound good,3,0.4404,Positive
92,good sound work,3,0.4404,Positive
93,love alexa savvy support helpful patient,6,0.8658,Positive
94,love thinking prime day discount offered pas fun alexa play song group playlist amazon prime music connect i phone bluetooth play music pandora youtube video alexa speaker ive fun alexa type question weather news time country downside limited data wifi plan alexa burn playing music,45,0.9349,Positive
95,lot,1,0.0,Neutral
96,love strictly music great,4,0.8519,Positive
97,love echo love size material speaker quality hooked light easily work additional light thermostat echo dot bedroom lot echo traffic weather trivia,22,0.8957,Positive
98,love,1,0.6369,Positive
99,entire family love alexa echo family,6,0.6369,Positive
100,great fun function product wow family fun homework help talking grandchildren who echo huge bonus cant wait learn,18,0.9719,Positive
101,love,1,0.6369,Positive
102,awesome thing love alexa,4,0.8519,Positive
103,worked exactly expected speaker great sound perfect classroom,8,0.8316,Positive
104,love love little gadget life easier personal secretary living cd alexa play going alexa dot room,16,0.9237,Positive
105,speaker surprising quality happy purchase,5,0.7003,Positive
106,easy set work wonderful love,5,0.8957,Positive
107,impressed sound quality playing music device bass sound coming bigger speaker prop amazon,13,0.6808,Positive
108,great product but sound quality worse dont wrong definitely hour definitely feel echo gen sound quality better besides great with addition play bluetooth wifi better,25,0.9247,Positive
109,outlet work disappointed,3,-0.4767,Negative
110,great device responsive helpful,4,0.8555,Positive
111,sound terrible good music bose,5,-0.0516,Negative
112,sound troubling paid extra money access song doesnt work alexa play italian song dont understand play opera tosca response dont,20,-0.763,Negative
113,easy set bad plugged nice operate battery recharged,8,0.296,Positive
114,learning way real hit grandkids play music dance yr cute,10,0.6597,Positive
115,star generally product great playing music setting timer making call reason didnt rate connection dy echo stop playing music red ring connection issue great product,25,0.8625,Positive
116,work great upgraded echo dot full size echo happier,9,0.8176,Positive
117,alexa,1,0.0,Neutral
118,upgraded li lttle echo dot happy sound,7,0.5719,Positive
119,excellent product set ease,4,0.7351,Positive
120,ive gen echo worked purchased gen prime day happy improved speaker enhanced sound music,14,0.7783,Positive
121,love echo smart speaker love volume clarity easy set wonderful gift age,12,0.9729,Positive
122,wonderful product fast delivery,4,0.5719,Positive
123,initially harder set called tech knowledgeable working great,8,0.6249,Positive
124,easy set family love,4,0.7964,Positive
125,great sound responsive voice command,5,0.765,Positive
126,live long echo enjoy music style alexa going upg reade wireless love echo love alexa,15,0.9118,Positive
127,cool product speaker sound good spot if y blasting,9,0.6369,Positive
128,fun alexa love listen music room busy,7,0.8176,Positive
129,nice item pick voice understands problem day asked turn music room heard fine ive listen music check weather thing,19,0.2263,Positive
130,love echo,2,0.6369,Positive
131,love its he helpful remembering thing sleep week learning,9,0.7906,Positive
132,better st gen ring top volume control quicker easier grab top twist button find press time bass bit better great device happy,22,0.9584,Positive
133,love alexa,2,0.6369,Positive
134,,0,0.0,Neutral
135,thoroughly enjoying eco o love read audiobook office simply open audiobook kindle continue wonderful listening music mood book great setting reminder,21,0.9513,Positive
136,love,1,0.6369,Positive
137,love,1,0.6369,Positive
138,love sound quality unit clear sound,6,0.7783,Positive
139,listening talk radio morning turning light system excellent job full house sound system streaming sirius,15,0.5719,Positive
140,week learning alexa learning process love music call time listen podcasts radio station started keeping shopping list grocery list love dont search paper pencil time temperature great wait weather report sound good fussy woofer tweeter base echo fine afternoon going dropping in on son going surprise,46,0.9601,Positive
141,feature,1,0.0,Neutral
142,great sound quality great feature great product multi room music cool,11,0.9393,Positive
143,cool,1,0.3182,Positive
144,echo three bought echo qvc,5,0.0,Neutral
145,annoying alexa downloaded spend time figure phrase machine,8,-0.4019,Negative
146,alexa accidentally spilled water replaced generation decided echo setup easy working minute,12,0.128,Positive
147,alexia music hear trouble finding song specific title,8,-0.4019,Negative
148,better original echo moved echo basement family room nice sound,10,0.7906,Positive
149,echo wonderful learning music request limited,6,0.4215,Positive
150,doesnt half thing asked cant recognize sprinkler wifi controller product detail compatible cant program change wifi thermostat setting matched wifi router handy music player amazon music,26,0.1779,Positive
151,love,1,0.6369,Positive
152,awesome understands kid,3,0.6249,Positive
153,pleasantly surprised sound quality feature nice easily hear artist hear book simple command forward exploring option device,17,0.8481,Positive
154,met exceeded expectation easy set quick response,7,0.4404,Positive
155,fact kind music prime request alexa informative photo little pamphlet included connect tv command alexa love music,17,0.8225,Positive
156,access echo thorough prime account top video music setup app define example music integrated echo playlist echo set play list setting fact exact match playlist name remember i ready nature echo respond query,33,0.6908,Positive
157,great item audible book better,5,0.7906,Positive
158,prime day gen echo sale resist smart set happier alexa amazing job connecting smart device control light smart plug tv trouble connecting echo wifi phone app work perfectly fine add skill routine smart device timer sound quality good audiophile alexa hear voice watching movie high volume design great modern definitely add nice touch change cover sale great addition enables possibility havent add alexa,63,0.989,Positive
159,versatile fun,2,0.5106,Positive
160,work great killer speaker wife son love,7,0.6124,Positive
161,regret waiting long purchase item surprised pleased sound quality,9,0.25,Positive
162,stopped working week didnt follow command fun working,8,-0.5577,Negative
163,love working thing set love grocery list app,8,0.8555,Positive
164,performs pretty expected disappointed provide terminology play kind music subscribing amazon music service understand music choice limited knowing access music provided free echo purchase chart showing language,27,0.8402,Positive
165,easy set,2,0.4404,Positive
166,product speaker high quality expected,5,0.0,Neutral
167,great investment alexa helped laugh,5,0.8271,Positive
168,ex ho love,3,0.6369,Positive
169,love plan gender music big band jazz easy find local radio sound good voice command phone call,17,0.875,Positive
170,good,1,0.4404,Positive
171,super easy set loving echo,5,0.8934,Positive
172,speaker alexa,2,0.0,Neutral
173,best father day gift dad joked mom alexa listening repeated story going forward,13,0.8555,Positive
174,great addition breakfast room kitchen tune instantly slowly learning feature,10,0.6249,Positive
175,sound quality,2,0.0,Neutral
176,sad joke worthless,3,-0.5859,Negative
177,entertainment,1,0.4215,Positive
178,good quality,2,0.4404,Positive
179,work great sound great beat battery better portability,8,0.9022,Positive
180,loved till stole d cant afford replace going,8,0.5994,Positive
181,alexa rock,2,0.0,Neutral
182,gift love bought allows play music am oz on prime music worth news brief tell joke,16,0.9118,Positive
183,,0,0.0,Neutral
184,mom bought echo dot repeated great told day hour live life amazing large speaker small echo dot returning going order alexa speaker big echo to ull returning echo dot live,30,0.836,Positive
185,love great product,3,0.8519,Positive
186,easy set user friendly,4,0.7269,Positive
187,disappointed alexa plugin wall socket time fault checking assumption company technologically advanced amazon sell product rechargeable battery return apple music boom speaker flexibility alexa,24,-0.1779,Negative
188,dont gen sound good st aux add external speaker going dot issue isnt unique unit dont understand cant override default prevents playing blue tooth speaker playing group delay bt speaker unit heard play group bt speaker,36,0.0186,Neutral
189,,0,0.0,Neutral
190,interaction question dont cant setup schedule connected lamp,8,0.0,Neutral
191,sup be rb sound definitely worth extra money listen lot music,11,0.5574,Positive
192,love amazon echo sound quality great lot fun handy music update weather sport,13,0.9231,Positive
193,love grandkids,2,0.6369,Positive
194,worked intuitive link device skill hang,6,0.0,Neutral
195,work advertised,2,0.0,Neutral
196,love,1,0.6369,Positive
197,love addition house speaker quality great love alexa complaint suggestion future series better communication ability example smart light house kitchen light kitchen light prior command respond doesnt recognize alexa respond repeat alexa time respond husband sound odd laugh southern thing alexa manner,42,0.9661,Positive
198,music trivia game weather,4,0.0,Neutral
199,described received time automatic enrolment music,6,0.0,Neutral
200,great device,2,0.6249,Positive
201,owned echo over a year lack easy increase decrease volume telling increase decrease volume hard wife english second language born korea sound echo superb,24,0.836,Positive
202,love kitchen work,3,0.6369,Positive
203,nice impressed,2,0.7096,Positive
204,love product nice easy access info,6,0.872,Positive
205,great sound bass doesnt work time hot recognizes thing,9,0.6249,Positive
206,discovering echo,2,0.0,Neutral
207,amazing pa roduct,3,0.5859,Positive
208,good hearing range sound quality bit complicated set doesnt understand lot speaking slowly clearly love flash briefing feature interfacing abode security system,22,0.9042,Positive
209,speaker sound good,3,0.4404,Positive
210,absolutely love,2,0.6697,Positive
211,best product control thermostat light house isnt dislike,8,0.7494,Positive
212,thoroughly enjoying amazon echo installation easy alexa app purchased kasa smart plug control living room light installation easy kasa app sin que d echo enjoying playing music echo sound quality awesome kasa smart bulb kitchen setup seamless forward adding automation,40,0.9677,Positive
213,entertainment,1,0.4215,Positive
214,cool product easy setup fun sound quality better anticipated,9,0.886,Positive
215,love great sound easy connect,5,0.9042,Positive
216,doesnt work fairly smart tv tv manufacturers lg fault supporting older tv year smart lock additional piece equipment order connect speaker sound great work,24,0.1984,Positive
217,great sound little speaker,4,0.6249,Positive
218,enjoy,1,0.4939,Positive
219,,0,0.0,Neutral
220,cool,1,0.3182,Positive
221,good quality great sound quality,5,0.7906,Positive
222,work perfectly,2,0.6369,Positive
223,great product alexa understand command fire tv fabulous speaker,9,0.7269,Positive
224,love echo great sound smart,5,0.9001,Positive
225,love,1,0.6369,Positive
226,play great,2,0.7579,Positive
227,work absolutely great,3,0.659,Positive
228,amazing product great sound quality,5,0.836,Positive
229,best thing ive invested,4,0.6369,Positive
230,extremely impressed item bought warehouse outlet minor imperfection cant work great didnt packaging sealed damage missing sound quality knock bose great family easy minor learning curve learns voice integrates seamlessly amazon services cant wait classroom lot fun speaker plan,39,0.6289,Positive
231,love echo bedroom wonderful music info sleeping sound,8,0.836,Positive
232,awesome life changer seriously start morning alexa wake me alarm playing music voice room listen love echo dont hesitate price speaker unbelievable buying cordless holder echo love purchase love alexa,30,0.9585,Positive
233,super impressed alexa prime lapsed play isnt smart differentiate spot if y account cant randomly speaks talking today unplugged her not ill alexa,23,0.8582,Positive
234,,0,0.0,Neutral
235,,0,0.0,Neutral
236,issue buying electronics long good read comment,7,0.4404,Positive
237,family love echo,3,0.6369,Positive
238,bought wife love,3,0.6369,Positive
239,fun today pod car house,5,0.5106,Positive
240,,0,0.0,Neutral
241,third echo worth penny household employee small flat rate bedroom living room drop in intercom listen music answer quick question alarm wake school,23,-0.3818,Negative
242,listen music set timer,4,0.0,Neutral
243,received echo perfect condition device easy set responds issue alexa great addition family,13,0.8934,Positive
244,good sound music scheduling random thought recorded joke cute,9,0.7964,Positive
245,purchased learn pleased amazed action perform enjoying forward learning option,10,0.8591,Positive
246,echo great smaller,3,0.6249,Positive
247,funny buy fun wind totally loving,6,0.8858,Positive
248,bought replace dot living room speaker better hears better tv doesnt understand respond request dot frequently request time dot exactly request dont consider upgrade,24,0.7003,Positive
249,good experience second generation echo thing learn time enjoying music weather update alarm feature personality purchased mini smart socket excited,20,0.8402,Positive
250,trouble connecting tv exactly tech smart grandson figure ive music,10,0.0,Neutral
251,simply love echo watch tv busy listening music speaker pretty goo size fun skill echo fun family,17,0.9325,Positive
252,enjoyed entire echo experience,4,0.5106,Positive
253,easy set,2,0.4404,Positive
254,echo amazing device time intuitive time clear simple result installation fairly straightforward messed time simply thought step complete lose ground figured advice patient app move step my biggest issue moment echo device intercom told cant echo aware existence alexa answer instruction change fault designer anticipate easier find needed instruction small deal device savvy people challenge,55,0.4019,Positive
255,loving,1,0.5994,Positive
256,original alexa tap generation best happy making improvement one it great update little a i help lot bug happy play music house adjust bass treble,25,0.9772,Positive
257,pleased echo generation nice alexa music weather news lot havent discovered,11,0.6908,Positive
258,pleasantly surprised sound quality echo big fan deep bass sufficient potential control option explore evolve smart voice recognition impressive stylish fun regret purchase great technically change people play song movie responds instantly elderly loved great gift connected wifi simple unlimited music control amazon prime premium spot if y blown personal dj conversation echo embarrassed echo laugh couple time joke tell package amazon prime addict extremely handy,66,0.9881,Positive
259,easy setup love thing,4,0.7964,Positive
260,alexa house the future arrived,5,0.0,Neutral
261,alexa amazon find today resist echo best thing side house happier,11,0.8519,Positive
262,arrived expected,2,0.0,Neutral
263,bought week ago product excellent dont forget buy charger ordering pool worry hiring electrician outlet yard,16,0.354,Positive
264,terrific,1,0.4767,Positive
265,love echo,2,0.6369,Positive
266,smaller original nicer,3,0.6369,Positive
267,work great,2,0.6249,Positive
268,husband call late adopter technology decide echo serve music source wow amazed great sound great time listening favorite song buy alexa buy elderly dad enjoy listen music place call,29,0.9698,Positive
269,enjoyed changing directv channel play i heart radio pandora adjusts ac thermostat turn living room light light,17,0.6908,Positive
270,wanting bought prime day absolutely love,6,0.6697,Positive
271,glad echo bluetooth speaker alexa stuff smart speaker personally love timer feature helped cooking multiple thing simultaneously pandora integration feature daily happy prime day purchase echo hub echo dot future,30,0.9274,Positive
272,subject love,2,0.6369,Positive
273,love,1,0.6369,Positive
274,easy setup,2,0.4404,Positive
275,hesitant buy echo echo dot good echo sound quality didnt feel needed glad difference sound superior echo dot listen greatest showman little power,23,0.7975,Positive
276,sound quality great learning thing fun,6,0.8126,Positive
277,good deal work great prime setup bit pain fault crappy internet service worked great nice sound small speaker,18,0.6486,Positive
278,love,1,0.6369,Positive
279,work great perfect office,4,0.8316,Positive
280,love inside house pool good bose speaker house,8,0.7964,Positive
281,easy use amazing,3,0.7717,Positive
282,nice product,2,0.4215,Positive
283,love echo totally amazed speaker quality bummed didnt buy prime day,11,0.8268,Positive
284,responsive great sound quality size,5,0.765,Positive
285,efficient amazing cool day,4,0.836,Positive
286,impressed quality sound echo definitely comparable bose mini star cant apple music account,13,0.7003,Positive
287,technology small device price good sound amazing feature,8,0.7717,Positive
288,music learning time bad,4,-0.5423,Negative
289,replaced st gen concerned smaller unit sound i wrong volume clear good product,13,0.34,Positive
290,great addition echo,3,0.6249,Positive
291,best,1,0.6369,Positive
292,love feature play music room multiple echo,7,0.765,Positive
293,love alexa surprised,3,0.7269,Positive
294,product enjoyment love,3,0.8316,Positive
295,easy great sound it great purchase great price,8,0.9451,Positive
296,easy set issue,3,0.4404,Positive
297,unit add pleasure echo music room,6,0.5719,Positive
298,extremely simple thing spot if y audible thing doesnt answer nice,11,-0.3252,Negative
299,difficult set timing enter password,5,-0.3612,Negative
300,echo shopping list listening music timer working great,8,0.6249,Positive
301,cool lot fun week learning capability,6,0.6808,Positive
302,love love,2,0.8555,Positive
303,love hard time setting apps,5,0.5859,Positive
304,office apartment music,3,0.0,Neutral
305,great music little hard figure work,6,0.6115,Positive
306,year time birthday gift dad love alexa answer good homework purchased prime day bathroom ready work listen music base metro booming replacement clock radio echo dot night stand alarm clock,30,0.8779,Positive
307,impressed clarity sound color,4,0.7003,Positive
308,alexa amazing great speaker,4,0.836,Positive
309,alexa dont connected tv thing music great,7,0.6249,Positive
310,work sound great house barely sf sitting kitchen counter hear speak room lot functionality discover,15,0.6249,Positive
311,pure fun echo weather joke news briefing music lot fun money,11,0.8316,Positive
312,time communicate kid,3,0.0,Neutral
313,love learning lot thing easier forget turn light room alexa turn light,12,0.7269,Positive
314,bought daughter turned love calling feature doesnt cell phone love playing music dancing amazon music play favorite song lol,19,0.959,Positive
315,wedding gift havent discovered feature update playing music great,9,0.8316,Positive
316,impressed sound quality,3,0.4767,Positive
317,pleased purchase echo smart speaker love fact play music genre want had trouble wi fi working,16,0.8689,Positive
318,wife enjoy ease playing music game fun entertaining forward adding smart product,12,0.9371,Positive
319,second echo love help kitchen set timer listen news prepare grocery list great music,14,0.9001,Positive
320,sound quality good alexa answer question,6,0.4404,Positive
321,second echo dot speaker weak purchased listening music speaker great,10,0.296,Positive
322,great sound,2,0.6249,Positive
323,great,1,0.6249,Positive
324,speaker stream music month kinda useless,6,-0.3626,Negative
325,set user friendly setup user friendly hoped alexa app download pc installing invasive driver wife retired install alexa son supplying smart phone alexa,23,0.8934,Positive
326,easy set enjoying,3,0.743,Positive
327,echo doesnt built battery plugged time inconvenient,7,-0.34,Negative
328,compact bit better original,4,0.6369,Positive
329,love pretty cool,3,0.8658,Positive
330,living room music sound good living room hear upstairs,9,0.4404,Positive
331,great product set easy sound wonderful,6,0.8934,Positive
332,bought music sound pretty good,5,0.7269,Positive
333,love,1,0.6369,Positive
334,love,1,0.6369,Positive
335,glad bought,2,0.4588,Positive
336,type fun music,3,0.5106,Positive
337,volume top turn,3,0.2023,Positive
338,capability program grandkids lve,4,0.0,Neutral
339,love echo hour music help things it difficult set help tekk ie,12,0.7964,Positive
340,good bose love house music,5,0.7964,Positive
341,alexa,1,0.0,Neutral
342,easy setup app easy install phone sound quality listening music pandora wonderful,12,0.8591,Positive
343,learning echo love,3,0.6369,Positive
344,work awesome,2,0.6249,Positive
345,work great,2,0.6249,Positive
346,small speaker sound great,4,0.6249,Positive
347,great sound size prize course alexa,6,0.8126,Positive
348,dont echo definitely,3,-0.3089,Negative
349,great device work better st generation,6,0.7906,Positive
350,item longer work month connect wifi unresponsive reset request,9,0.0,Neutral
351,love echo dot easy fun drop grandaughter life mile sound,10,0.8519,Positive
352,work great,2,0.6249,Positive
353,going kitchen timer music duty,5,0.0,Neutral
354,love volume definitely boost better built speaker definitively star thought ahead audio auxiliary input bought dedicated speaker echo proved best,20,0.9623,Positive
355,work fine,2,0.2023,Positive
356,work great brand love echo dot main room house,9,0.8519,Positive
357,refurbished item work love easy set love issue volume listening relaxing fine expecting recommend purchasing speaker,16,0.9571,Positive
358,loud,1,0.0,Neutral
359,love,1,0.6369,Positive
360,feel echo dot thing question understand,6,0.0,Neutral
361,thing barely work select party apps stuff box sending mine asap waste money,13,-0.0935,Negative
362,gift man doesnt plug picture cord prefer cordless work purpose bought,11,0.4404,Positive
363,amazon echo device purchased refurbished satisfied time cant brand price cheaper echo wake timer play music encyclopedia turn light,19,0.7096,Positive
364,small echo dot amazing sound great it change nest thermostat and phillips hue lights without leaving chair,17,0.836,Positive
365,talk time song dislike device,5,-0.3818,Negative
366,disappointed amazon technology,3,-0.34,Negative
367,worked promised,2,0.3612,Positive
368,returned echo dot refund returned package refund package,8,0.0,Neutral
369,working,1,0.0,Neutral
370,weird pause speech pattern echo device,6,-0.1779,Negative
371,love alexa lol great price product,6,0.9022,Positive
372,work,1,0.0,Neutral
373,echo fan work,3,0.3182,Positive
374,,0,0.0,Neutral
375,bought bathroom listen shower love,5,0.6369,Positive
376,doesnt respond spoken pro mp word thought connect echo upstairs intercom havent,12,0.0,Neutral
377,fast shipping work,3,0.0,Neutral
378,love,1,0.6369,Positive
379,love love love free assistant,5,0.9509,Positive
380,alexa poop joke,3,0.296,Positive
381,worked month stopped ive work working refund,7,-0.2263,Negative
382,poor quality,2,-0.4767,Negative
383,refurbished echo work,3,0.0,Neutral
384,love,1,0.6369,Positive
385,,0,0.0,Neutral
386,speaker loud alexa great naw,5,0.6249,Positive
387,work great sound good,4,0.7906,Positive
388,work techie friend looked adapter strong power looked bought dollar store going replace adapter hope work,16,0.8555,Positive
389,star trek fun outsmart,4,0.5106,Positive
390,add echo system refurbished product work,6,0.0,Neutral
391,great office daily way include spelling background music,8,0.6249,Positive
392,awesome love alexa,3,0.8519,Positive
393,wanted extremely love,3,0.6697,Positive
394,initially echo dot worked time dot stopped responding alexa foot yelling echos echo dot room respond response echo dot recommend buying refurbished,22,0.1531,Positive
395,great product fast shipping,4,0.6249,Positive
396,bought echo dot refurbished stop function performing doesnt wake time randomly turn buy refurbished echo dot,16,-0.296,Negative
397,perfect work great problem refurbished,5,0.7269,Positive
398,dont trust,2,-0.4023,Negative
399,perfect condition love echo,4,0.836,Positive
400,love beautiful experience hooked smart lighting accessory,7,0.8957,Positive
401,couple week issue son wanted alexa birthday joke question listen music enjoy bought second week prime deal day,18,0.6597,Positive
402,divertido,1,0.0,Neutral
403,great product work great,4,0.8481,Positive
404,bought guest room radio alarm clock center,7,-0.34,Negative
405,great buy bought echo love speaker isnt best music work great kitchen timer alarm,14,0.824,Positive
406,,0,0.0,Neutral
407,work perfect save buck buy refurbished brand,7,0.7845,Positive
408,work perfect glad good deal,5,0.8625,Positive
409,good bought,2,0.4404,Positive
410,love work,2,0.6369,Positive
411,perfect,1,0.5719,Positive
412,good price prompt shipping working flawlessly,6,0.5719,Positive
413,love alexa,2,0.6369,Positive
414,room improvement price complain complain audio terrible kind listening speak n spell,12,-0.1779,Negative
415,iove bought son wanted awesome,5,0.6249,Positive
416,echo work price great deal issue dot speaker bit tinny good second unit attach external speaker sound good buy,19,0.872,Positive
417,,0,0.0,Neutral
418,wanted radio intercom terrible fm reception live speech recognition software horrible wife native american language english north texas accent birth area good job understanding bought thing additionally wifi reception poor marginal buy wifi range extender office ten foot router problem switched difference disconnected dust collector,45,-0.8591,Negative
419,third dot work perfectly multiple time day absolutely love,9,0.8655,Positive
420,item worked box broken spent day working running fix amazon thing accomplished order refurbished device,15,0.128,Positive
421,echo bought bedroom love function,5,0.6369,Positive
422,simple set music,3,0.0,Neutral
423,worked brand dot satisfied,4,0.4215,Positive
424,great product returning alexa dot refurbished problem connection,8,0.34,Positive
425,echo refurbished save buck work great love generation rubber bottom nice,11,0.936,Positive
426,love fact unplug basement laundry,5,0.6369,Positive
427,refurbished good ive bought,4,0.4404,Positive
428,good,1,0.4404,Positive
429,granddaughter love,2,0.6369,Positive
430,price great trouble hearing room moving spot working fine buy room,11,0.4939,Positive
431,set alexa blue tooth speaker enjoy listening music outdoors cant wait stuff alexa,13,0.4939,Positive
432,,0,0.0,Neutral
433,work great,2,0.6249,Positive
434,buy certified refurbished echo dot bought certified refurbished echo dot unit poor receiving command acknowledge command buy refurbished echo dot unit received certified refurbished indicated bought echo dot work perfectly very disappointed,32,-0.3167,Negative
435,started amazon products and regret absolutely great journey product continue improve day today life,14,0.7346,Positive
436,month problem,2,-0.4019,Negative
437,smart device surely buying device compatible,6,0.6808,Positive
438,love,1,0.6369,Positive
439,love good,2,0.7964,Positive
440,larger echo time love bought portion house wifi device wanted voice control house,13,0.6369,Positive
441,love product turn light answer quick question,7,0.6369,Positive
442,great buy,2,0.6249,Positive
443,leary refurbished work great,4,0.6249,Positive
444,puny sound work great,4,0.6249,Positive
445,great,1,0.6249,Positive
446,exactly difference dot prior work perfectly love alexa,8,0.8555,Positive
447,work perfect wear tear device love alexa working making smart,10,0.891,Positive
448,work good,2,0.4404,Positive
449,thing dont shuts work great,5,-0.5096,Negative
450,excellent product mint condition refurbished unit refurbished,7,0.5719,Positive
451,owning couple echo frustrated intercom finally amazon enables drop in feature echo reach family remote part house teenager insist heard yelling dinner as feature echo standard stuff playing music setting alarm answering question life changing device amazon convenient refurb saved buck work brand new,44,-0.2023,Negative
452,love worried refurbished echo awesome light work night shopping spot if y planning parent help everyday thing granted young recommend,20,0.9231,Positive
453,love alexa hope room,4,0.7964,Positive
454,simplicity setting,2,0.0,Neutral
455,great gazebo upstairs,3,0.6249,Positive
456,work great issue,3,0.6249,Positive
457,asked,1,0.0,Neutral
458,work great good sound,4,0.7906,Positive
459,echo listen music sort of tool answer variety question volume little bit louder cant complain i internal power source order echo plugged time universal charging cord nice echo dot buy product,31,0.6007,Positive
460,love great fun,3,0.9118,Positive
461,love,1,0.6369,Positive
462,outstanding time work,3,0.6124,Positive
463,saving nice son buying refurbished device product diagnostics corrected,9,0.4215,Positive
464,work perfectly alexa turn light tv roomba,7,0.6369,Positive
465,refurbished,1,0.0,Neutral
466,good,1,0.4404,Positive
467,performs complaint,2,-0.296,Negative
468,great echo,2,0.6249,Positive
469,work great,2,0.6249,Positive
470,item work certified refurbished work advertised item crashed turned plugged connect phone echo dot crashed disconnect orange light freeze thing reboot blue light alexa ready connect freeze mid sentence holding action button second didnt returning hope item buyer purchase,39,0.2008,Positive
471,fast service ordered,3,0.0,Neutral
472,love figure thing item work great phone,7,0.8519,Positive
473,nan,1,0.0,Neutral
474,echo bought brand refurbished one honestly cant difference performance,9,0.4588,Positive
475,great product once learned work it this thing awesome,9,0.8481,Positive
476,work,1,0.0,Neutral
477,work time,2,0.0,Neutral
478,love portable,2,0.6369,Positive
479,course,1,0.0,Neutral
480,refurbished work excellent highly recommended purchasing,6,0.6997,Positive
481,mom love,2,0.6369,Positive
482,love echo dot brand work perfect satisfied,7,0.8934,Positive
483,,0,0.0,Neutral
484,small problem box rep amazon called walked reset process solved issue shocked response real effort including follow email thing working google clone learn plan install car boat garage alexa best friend loli gf worried alexa learns cook time limited,39,0.4767,Positive
485,love alexa dot play game son weather love work amazon fire tv,12,0.8779,Positive
486,question thing work intermittently smart tv change volume change channel doesnt reset dont refurbished expected,15,0.4019,Positive
487,certified refurbished echo dot work little confusing green ring echo dot asked alexa receiving call drop case minute figure notification delivery amazon ring supposed yellow pulsate message notification refurbished echo dot green pulsed,33,-0.2516,Negative
488,arrived easy set refurbished amazon echo dot expected alexa buddy great assistant,12,0.8271,Positive
489,work advertised speak clearly command wall holder set breeze close device initially connecting phone reason set easier though psychological haha,20,0.8176,Positive
490,love echo dot third ordered gift defective speaker return process isnt week,12,0.6369,Positive
491,ive returned,2,0.0,Neutral
492,refurbished echo wonderful purchased mother love ability contact phone listen music weather question wonderful gift work excellently problem,18,0.9595,Positive
493,work good price week purchased,5,0.4404,Positive
494,work amazingly bought daughter love,5,0.6666,Positive
495,love alexa great helping making appointment playing song forward,9,0.9062,Positive
496,bathroom love listen music whe showering,6,0.6369,Positive
497,dot original work perfectly buy future dot reconditioned,8,0.7579,Positive
498,little hard p are problem,5,-0.3702,Negative
499,weary picking conversation actively heard happening news concerning amazon release widespread push firmware prevent heard,15,0.25,Positive
500,dislike alexa dot thought cort na cool alexa awesome application family unbelievable device alive,14,0.802,Positive
501,happy refurbished echo dot ive week working perfectly original box happy purchase,12,0.9313,Positive
502,thumb,1,0.0,Neutral
503,work re at,3,0.0,Neutral
504,wrong rep spoke replacement registered price dot price refurbished bought brand spanking problem,13,-0.7003,Negative
505,work expected,2,0.0,Neutral
506,problem,1,-0.4019,Negative
507,room enjoyed work perfectly,4,0.8176,Positive
508,purchased grandson,2,0.0,Neutral
509,,0,0.0,Neutral
510,happy ordered,2,0.5719,Positive
511,love dot ability talk convenient issue refurbished,7,0.7579,Positive
512,started havent unplugged day talking daughter laying bed started going movie moana completely scared sht daughter,16,-0.4927,Negative
513,work great speaker sound fine recommend,6,0.8126,Positive
514,great,1,0.6249,Positive
515,loved price essentially brand dot opening refurbished looked brand unit consider better deal love versatility echo dot,17,0.9001,Positive
516,pleased order wanted,3,0.4404,Positive
517,house convenient set timer check weather,6,0.0,Neutral
518,love best experience refurbished device excellent,6,0.9201,Positive
519,love echo dot,3,0.6369,Positive
520,refurbished item fine but aware fee echo set room missing cord thank,12,0.2144,Positive
521,week setting longer work connection light sound guess shouldnt purchased refurbished dot,12,0.0,Neutral
522,worked brand new unit great addition collection,7,0.6249,Positive
523,great price work perfectly saved money refurb buy,8,0.9022,Positive
524,,0,0.0,Neutral
525,very god,2,0.3384,Positive
526,good,1,0.4404,Positive
527,great bought bought grab smart switched set smart capability highly recommended,11,0.8908,Positive
528,,0,0.0,Neutral
529,worked figure link device set sonos pretty easy product fault time figure,12,0.5267,Positive
530,,0,0.0,Neutral
531,worst amazon purchase big amazon fan love brand unlimited digital music prime videoseven buy online game music movie amazon app simple purchase useless,23,0.4019,Positive
532,work microphone dont pick full size echo audio quality size,10,0.0,Neutral
533,bought refurbished work work perfectly appear brand,7,0.6369,Positive
534,amazon doesnt disappoint,3,0.4512,Positive
535,work great bt receiver output connected vintage stereo equipment,9,0.6249,Positive
536,working great cant edit longevity year real test,8,0.6249,Positive
537,amazing,1,0.5859,Positive
538,love,1,0.6369,Positive
539,dot work fine compliment echo,5,0.5994,Positive
540,work difference bough refurbished,4,0.0,Neutral
541,big fan echo bathroom work great expected,7,0.7506,Positive
542,purchased year mother she love talking alexa responsive can detect room,11,0.7717,Positive
543,performance brand problem,3,-0.4019,Negative
544,echo dot disconnect speaker time day buy refurbished product star effort,11,0.0,Neutral
545,love great product,3,0.8519,Positive
546,work good satisfied,3,0.6908,Positive
547,love alexa sound dot best echo gen kitchen living room bedroom difference sound dot lack full base sound sound coming cheap portable speaker disappointed returned shelled money buy second echo bedroom,31,0.6124,Positive
548,a while connected electronically savy love,6,0.6369,Positive
549,cant thing sink wireless returning time,6,0.0,Neutral
550,absolutely love,2,0.6697,Positive
551,product stopped working return time,5,-0.2263,Negative
552,second dot work great refurbished thought,6,0.6249,Positive
553,love guy work great,4,0.8519,Positive
554,love second alexa bedroom great checking weather meditation music timer perfect husband eye drop multiple time day eye closed minute,20,0.8979,Positive
555,purchased refurbished work brand minute set easy echo dot command start playing music backyard deck sound system,17,0.5719,Positive
556,substitute original echo dot performs sound quality poor listen highest level,11,-0.2023,Negative
557,love echo dot help husband netflix apps amazon fire tv problem refurbished planning amazon fire stick bedroom,17,0.4215,Positive
558,stopped working month warranty good month assumed amazon product sold amazon higher standard guaranteeing work month product supposed piece junk they offered discount wanted buy buy,26,0.5267,Positive
559,problem whatsoever alexa,3,-0.4019,Negative
560,uncle little haywire,3,0.0,Neutral
561,bought son didnt work return,5,0.0,Neutral
562,bought quit connecting wifi responding voice month hard soft reset problem,11,-0.4767,Negative
563,received echo dot today good condition advised paid amazon writing raised price buying good deal set dot simple plug follow app instruction initially i phones wifi setting called amazon customer service dunno ive terrible support guy call rambled completely unhelpful script ended setting dot middle spiel im norm refurbished dot pretty finicky wifi range randomly disconnect app range ghz connection strong reconnecting pain time well all alexa work work amazingly dont speaker hooked thing enjoy mics range sensitivity annoying limitation apple siri playing audio device speaker music podcasts hey siri feature useless alexa problem hearing playing time amazingly fast responsiveness havent louder speaker continue hold true setting alexa control wireless device breeze albeit limitation support arlo device nil special setting led device rainbow effect alexa cant handle change solid color brightness levels all rating wouldve lower decent price item connectivity problem persist exchange return item dont alex as kind growing,150,0.8651,Positive
564,bought love volume loud played music treadmill tower speaker x louder,11,0.765,Positive
565,worked,1,0.0,Neutral
566,second refurbished model work at,5,0.0,Neutral
567,bad device dont refurbished activated talking activated start talking talk yell super lauded,13,0.1027,Positive
568,good brand save money,4,0.7269,Positive
569,adding room convenience,3,0.0,Neutral
570,nice work good some time easy recognize voice repeat time time screaming,12,0.7184,Positive
571,chance certified refurbished unit brand new no excuse disappointment minute trouble free set effortless bluetooth speaker connectivity alexa app i phone flawless listening favorite tune bose bluetooth setup happier walk door alexa play music viola instant atmosphere opening i pad going setting turning bluetooth accessing pandora app thing effortless true joy box didnt discover fine piece technology worth penny,59,0.9469,Positive
572,alex as sister second dot,5,0.0,Neutral
573,love alexa echo dot refurbished work great sooo thing love alarm morning love play music sound ocean nature sound sleep love thing,22,0.9716,Positive
574,bought refurb work bought prior original packaging,7,0.3182,Positive
575,love second wife,3,0.6369,Positive
576,impressed save group correctly understand time excitement alex as voice sound water supposed understand im going return google,18,0.8591,Positive
577,work obvious issue refurbished,4,0.0,Neutral
578,work great cant refurbished set kid mode adding love thing,10,0.8519,Positive
579,great product useless unnecessary feature smart dont,7,0.6124,Positive
580,worked good echo dot preciously purchase,6,0.7269,Positive
581,bought mother love its he love guard dog features he sense security night leaf house,15,0.8957,Positive
582,bought speaker playing music video phone working read instruction working,10,0.2023,Positive
583,work,1,0.0,Neutral
584,bought work great electronics running alexa,6,0.6249,Positive
585,,0,0.0,Neutral
586,blue light blink time,4,0.0,Neutral
587,fun learning trick functionality future human computer interface household automation star trek knew,13,0.4767,Positive
588,work great control tv light device ive wake dont time dont open eye shout alexa time figure house hold chore walk dog golden sound great size expect echo better audio larger expensive echo,33,0.9022,Positive
589,work great,2,0.6249,Positive
590,product little room daughter constantly alexa spell barely tapped thing product capable forward learning capability,15,0.3818,Positive
591,,0,0.0,Neutral
592,great product work,3,0.6249,Positive
593,absolutly love,2,0.6369,Positive
594,bought echo dot loved work absolutely love,7,0.8553,Positive
595,work promised,2,0.3612,Positive
596,work great existing smart setup,5,0.7783,Positive
597,perfect difference,2,0.5719,Positive
598,cant figure,2,0.0,Neutral
599,good cant hear,3,0.4404,Positive
600,little apprehensive buying refurbished electronic product amazon guarantee thought glad buy refurb product form amazon love alexa product sits desk small footprint great sound daily work great,27,0.9628,Positive
601,bad bad speaker sound,4,-0.7906,Negative
602,great device verbally add thing shopping list occasionally number fun thing program red alert tardis land house geek chose wake word computer alexa majel barret s voice geek heaven easy premium spot if y work properly multiple music account attached listen music room worth time weather news briefing intercom system awesome fun knowing nsa listening,55,0.968,Positive
603,love,1,0.6369,Positive
604,purchased daughter love amazing love game,6,0.9217,Positive
605,doesnt work,2,0.0,Neutral
606,good perfectly packaged issue dot,5,0.7964,Positive
607,love bought granddaughter play music question entertained hour good buy honest opinion,12,0.9382,Positive
608,issues works great,3,0.6249,Positive
609,fun toy daughter read,4,0.5106,Positive
610,refurbish echo dot received condition packaging complaint neat little gadget drives wife nut,13,0.2023,Positive
611,received echo gift loved decided dot bedroom easy set big difference sound quality buy,14,0.8658,Positive
612,worked advertised,2,0.0,Neutral
613,amazon product great bought refurbished complete garbage purchase amazon refurbished total dissatisfaction,12,0.5106,Positive
614,work good microphone good better echo product,7,0.8271,Positive
615,little work set finally sound quality best work great check weather cooking question kitchen play radio music upgrade echo better sound,21,0.9274,Positive
616,love alexa best thing bought dont lived thing amazing happy product google,12,0.8758,Positive
617,loved work great,3,0.8402,Positive
618,extremely low volume,3,-0.3384,Negative
619,trouble program downloaded phone ended computer interesting answer wikipedia echo dot music playing department heard song music totally forgotten mainstream station amusing alexa responds dont yard cotton fabric refer football playing paid full price gadget sorely disappointed reasonable step hal,40,-0.024,Neutral
620,brought replace moved doesnt range previous refurbished unit seldom find wifi connect tired hearing message trouble connecting check alexa app unplugged troubleshooting reconnected time strong,25,-0.1531,Negative
621,listen music echo dot unit simultaneously pay monthly fee thought amazon apple ive paid room money,16,0.0772,Positive
622,purchased gift,2,0.4404,Positive
623,love,1,0.6369,Positive
624,good device bought workout room issue reaching volume heard standard row machine better speaker,14,0.765,Positive
625,work great simple set alexa accurate imagined thought alarm set bit complaint no listening dont wake word worried lose conspiracy theory speaker great dont hold turned gen,27,-0.2052,Negative
626,voice clarity eavesdropping effort easier government,6,0.6705,Positive
627,worked perfect,2,0.5719,Positive
628,little trouble replaced router work good current temperature time alexa degree degree alexa degree work expected enjoy listening music amazon pandora station requesting favorite song recording artist,27,0.8122,Positive
629,bought three three worked flawlessly labeled refurbished,7,0.2023,Positive
630,device work perfectly good price love alexa great fun music great radio station morning traffic report didnt enjoy a i house fun educational entertaining people tech savvy,27,0.9806,Positive
631,eh work half time respond wake work fine,8,0.2023,Positive
632,great little thing work better siri,6,0.7741,Positive
633,amazing love,2,0.8402,Positive
634,bought son love,3,0.6369,Positive
635,second generation echo dot prefer volume ring gen better button second gen job great price definitely recommend,17,0.9042,Positive
636,fun morning briefing,3,0.5106,Positive
637,arrived time work amazing,4,0.5859,Positive
638,setup quick easy,3,0.4404,Positive
639,good refurbishing,2,0.4404,Positive
640,love,1,0.6369,Positive
641,love echo dot,3,0.6369,Positive
642,music type the isnt wireless volume high,7,0.0,Neutral
643,great product,2,0.6249,Positive
644,work great reason leaving star play plugged time pretty irritating outlet,11,0.7717,Positive
645,work great,2,0.6249,Positive
646,love it a personal assistant computer,6,0.6369,Positive
647,problem item inexperience ordered wrong thing decided set alexa replace small bluetooth speaker bedroom thought learn downloaded app echo sync i phone ive decided kid enjoy intended,27,-0.3818,Negative
648,e perfecto,2,0.3182,Positive
649,working good,2,0.4404,Positive
650,working great daughter love,4,0.8519,Positive
651,work great,2,0.6249,Positive
652,love,1,0.6369,Positive
653,wanted white dot white bathroom top black knew realize cord plug black wanted white cord plug,16,0.2023,Positive
654,,0,0.0,Neutral
655,work great,2,0.6249,Positive
656,amazing,1,0.5859,Positive
657,great product,2,0.6249,Positive
658,work perfectly,2,0.6369,Positive
659,perfect,1,0.5719,Positive
660,set echo dot worked hour died completely buy refurbished return day received,12,-0.5574,Negative
661,echo dot horrible volume phone louder device bos case,9,-0.5423,Negative
662,work connectivity issue definitely worth money,6,0.5574,Positive
663,issue refurbished unit performed expected buy needed,7,0.0,Neutral
664,great mom inside owl head jacuzzi,6,0.6249,Positive
665,work great son room drop option attention gaming watching tv,10,0.4588,Positive
666,perfect,1,0.5719,Positive
667,looked brand nrw to complain def ently ordering,8,-0.3612,Negative
668,speaker pretty terrible google better product,6,0.4588,Positive
669,love,1,0.6369,Positive
670,love answer stupid question tell weather dont couch,8,0.2023,Positive
671,quit working shortly unresponsive voice time work app dot,9,0.0,Neutral
672,bought niece room cant refurbished good work,7,-0.3412,Negative
673,device working instruction alexa echo dot upsetting,7,-0.4767,Negative
674,crackling noise turning expect refurbished item,6,0.0,Neutral
675,best price find answer question handy find phone intercom system,10,0.6369,Positive
676,satisfied product perfect introduction alexa,5,0.7579,Positive
677,work speaker grand speaker drop future full size echo,9,0.2263,Positive
678,love echo thing full size version sound better,8,0.7964,Positive
679,work great,2,0.6249,Positive
680,life plan time music,4,0.0,Neutral
681,trouble hearing wake word despite trained voice wonder buying refurbished google mini problem hearing louder,15,-0.6597,Negative
682,love work perfectly,3,0.8555,Positive
683,brand echo dot thought refurbished good expectation refurbished unit turn realized power adapter faulty amazon send power adapter return option love amazon buy toilet paper down update amazon contacted credited buy power adapter shop amazon trust deliver product,38,0.9371,Positive
684,bought family member gift called like love,7,0.8625,Positive
685,loud quality ease great sound perfect background music connected hosting louder party,12,0.9186,Positive
686,looked brand work great love echo dot refurbished,8,0.8519,Positive
687,time,1,0.0,Neutral
688,working alexa device lm fanatic,5,0.0,Neutral
689,echo good,2,0.4404,Positive
690,work great,2,0.6249,Positive
691,great price extend range super dot offer hooked wireless speaker working outside this dot outdoor sound range disturbing indoor light control,21,0.7506,Positive
692,amazingly fun daughter asked question day set daily alarm weekend reminder playlist morning random song daily bible verse weather morning commute tell dodging traffic dont linked phone,27,0.2006,Positive
693,work perfect difference refurb house ill buying refurbs,8,0.2263,Positive
694,great product wake morning time,5,0.6249,Positive
695,difference unused original,3,0.3182,Positive
696,complaint exactly little cheaper great,5,0.3862,Positive
697,perfect condition,2,0.5719,Positive
698,,0,0.0,Neutral
699,work version discount echo speaker decided purchase version amazon state warranty,11,0.1779,Positive
700,received echo gift needed bluetooth play music easily accessible smart speaker cant wait,13,0.8555,Positive
701,cell phone feature i pad great alarm deaf hear alarm bedroom living room reason her it fun random question hear response smart bon politics,24,0.743,Positive
702,ive purchased working room house feature offer specifi ly playing music echo controlling light house,15,0.6597,Positive
703,great,1,0.6249,Positive
704,love ive listened song havent heard childhood news weather great,10,0.8519,Positive
705,year dad talk constantly,4,0.0,Neutral
706,love learning knew thing evey day figuring work easy understand laugh time,12,0.8934,Positive
707,purchased mother knee problem fast did she enjoys little big thing do alexa play song time cook,17,0.4588,Positive
708,love love love,3,0.9274,Positive
709,expected,1,0.0,Neutral
710,love wife hate,3,0.128,Positive
711,happy purchase great speaker easy set,6,0.8934,Positive
712,alexa couple day lot fun toy household member learn featues benefit,11,0.743,Positive
713,love size generation echo little improvement sound,7,0.785,Positive
714,original echo shorter greater fabric color choice volume ring top plus minus button big deal ring comforting standard usb charger port previous round pin guess sound work answer alexa echo computer,31,0.8074,Positive
715,love echo good music sound playing alexa understands command difficult time find specific playlist song spot if y good amazon music lacking major program,24,0.875,Positive
716,love alexa play music play radio itunes play podcasts any pod set reminder listen flash briefing news weather morning rely custom list voice control volume continue find uses sometimes bit frustrating alexa doesnt understand,34,0.8176,Positive
717,set day adding smart device speaker great playing music size stationed kitchen counter intrusive,14,0.8225,Positive
718,love play sleep sound,4,0.765,Positive
719,second unit bedroom expecting sound improved didnt difference big improvement st generation,12,0.1581,Positive
720,amazing product,2,0.5859,Positive
721,love echo easy operate load fun it advertised play favorite tune test alex as knowledge,15,0.9413,Positive
722,sound great love,3,0.8519,Positive
723,fun item play hard time answering question better,8,0.802,Positive
724,,0,0.0,Neutral
725,learning capabilities but pretty pretty pretty good,7,0.9568,Positive
726,,0,0.0,Neutral
727,work learning command unique owner user alexa learn tas has birthday alexa learn definition fine great,16,0.7096,Positive
728,speaker sound pretty good small setup pretty easy bought reason rate instruction synching music unit ive correctly sync primary motivation purchasing multiple unit,23,0.9274,Positive
729,device awesome,2,0.6249,Positive
730,bought compare speaker quality generation speaker sound better ship daughter fact generation chargeable base bought mobile better sound,18,0.7003,Positive
731,love echo learning thing follow instruction included package great u tube,11,0.8519,Positive
732,speaker better st generation echo,5,0.4404,Positive
733,thing cool cool,3,0.5574,Positive
734,digital assistant good review speaker good cheap price prime day fun play alarm clock going place ended echo havent definitely it what best number device connect purchase smart plug connect lamp alexa turn light,34,0.933,Positive
735,husband like listen music knew capability,6,0.3612,Positive
736,android allow alexa connect fortunately sister apple cell hour tech support fixed glitch running,14,0.5574,Positive
737,good,1,0.4404,Positive
738,play broadway camelot ne group camelot,6,0.34,Positive
739,great,1,0.6249,Positive
740,satisfied echo alexa control light family room wife listen jimmy buffet alexa,12,0.4215,Positive
741,siri fact siri answer accurately alexa dont real household good bargain prime day deal,14,-0.1546,Negative
742,love echo learning thing work ton fun,7,0.8176,Positive
743,love,1,0.6369,Positive
744,apple play specific list music amazon spot if y plus prime etc account pay play music star reason,18,0.6249,Positive
745,excelente lo unico e esta en espaol,7,0.0,Neutral
746,learning echo great sound better expecting,6,0.7906,Positive
747,work expect good sound quality considering price sale feature,9,0.4404,Positive
748,sound echo generation phenomenal mention love alexa helpful,8,0.7906,Positive
749,google better,2,0.4404,Positive
750,play learn,2,0.34,Positive
751,work advertised easy setup learning,5,0.4404,Positive
752,great sound easy set,4,0.7906,Positive
753,love alexa bought friend,4,0.8126,Positive
754,love echo purchased company husband alexa great tell joke play favorite song,12,0.9423,Positive
755,,0,0.0,Neutral
756,love listen music easily learning feature,6,0.765,Positive
757,device thing overview,3,0.0,Neutral
758,love built hub,3,0.6369,Positive
759,play music work wonderfully thing amazon tip help,8,0.8658,Positive
760,easy set,2,0.4404,Positive
761,fast response amazing clear concise answer sound quality fantastic alexia us de echo full extent,15,0.875,Positive
762,need na nana,3,0.0,Neutral
763,expected,1,0.0,Neutral
764,love echo work dont smart speak function good,8,0.7043,Positive
765,great sound small package easy set fun,7,0.8834,Positive
766,work sound great,3,0.6249,Positive
767,sound amazing collection music,4,0.5859,Positive
768,setting,1,0.0,Neutral
769,doesnt listen,2,0.0,Neutral
770,awesome,1,0.6249,Positive
771,bought control fios television work hoping time control fios discovered thing alexa play music great sound alexa play game play radio station play time radio program long ranger alexa apps add ability day played madlibs great fun alexa control household appliance purchased alexa compatible power strip control lighting fan tv component forward implementing controll add alexa component chosen music play room component located,63,0.9839,Positive
772,speaker excellent sound work perfectly,5,0.836,Positive
773,,0,0.0,Neutral
774,love,1,0.6369,Positive
775,little nervous received echo tech savvy bit intimidating didnt long figure happy purchase thinking adding echo spot,17,-0.7721,Negative
776,learning,1,0.0,Neutral
777,great technology cant speaker volume quality wonderful bought,8,0.8316,Positive
778,purchased echo dot husband father day constantly hearing quality sound echo generation no brainer best gift,16,0.7096,Positive
779,work fine,2,0.2023,Positive
780,,0,0.0,Neutral
781,clear music,2,0.3818,Positive
782,fun good sound quality,4,0.7351,Positive
783,echo work sync amazon music device,6,0.1779,Positive
784,work great dont amazon charge cent unlimited music prime buy echo,11,0.5547,Positive
785,echo dot echo better fuller sound setup phone call contact list great,12,0.7906,Positive
786,speaker sound good,3,0.4404,Positive
787,good sound work,3,0.4404,Positive
788,love alexa savvy support helpful patient,6,0.8658,Positive
789,love thinking prime day discount offered pas fun alexa play song group playlist amazon prime music connect i phone bluetooth play music pandora youtube video alexa speaker ive fun alexa type question weather news time country downside limited data wifi plan alexa burn playing music,45,0.9349,Positive
790,lot,1,0.0,Neutral
791,love strictly music great,4,0.8519,Positive
792,love echo love size material speaker quality hooked light easily work additional light thermostat echo dot bedroom lot echo traffic weather trivia,22,0.8957,Positive
793,love,1,0.6369,Positive
794,entire family love alexa echo family,6,0.6369,Positive
795,great fun function product wow family fun homework help talking grandchildren who echo huge bonus cant wait learn,18,0.9719,Positive
796,love,1,0.6369,Positive
797,awesome thing love alexa,4,0.8519,Positive
798,worked exactly expected speaker great sound perfect classroom,8,0.8316,Positive
799,love love little gadget life easier personal secretary living cd alexa play going alexa dot room,16,0.9237,Positive
800,speaker surprising quality happy purchase,5,0.7003,Positive
801,easy set work wonderful love,5,0.8957,Positive
802,impressed sound quality playing music device bass sound coming bigger speaker prop amazon,13,0.6808,Positive
803,great product but sound quality worse dont wrong definitely hour definitely feel echo gen sound quality better besides great with addition play bluetooth wifi better,25,0.9247,Positive
804,outlet work disappointed,3,-0.4767,Negative
805,great device responsive helpful,4,0.8555,Positive
806,sound terrible good music bose,5,-0.0516,Negative
807,sound troubling paid extra money access song doesnt work alexa play italian song dont understand play opera tosca response dont,20,-0.763,Negative
808,easy set bad plugged nice operate battery recharged,8,0.296,Positive
809,learning way real hit grandkids play music dance yr cute,10,0.6597,Positive
810,star generally product great playing music setting timer making call reason didnt rate connection dy echo stop playing music red ring connection issue great product,25,0.8625,Positive
811,work great upgraded echo dot full size echo happier,9,0.8176,Positive
812,alexa,1,0.0,Neutral
813,upgraded li lttle echo dot happy sound,7,0.5719,Positive
814,excellent product set ease,4,0.7351,Positive
815,ive gen echo worked purchased gen prime day happy improved speaker enhanced sound music,14,0.7783,Positive
816,love echo smart speaker love volume clarity easy set wonderful gift age,12,0.9729,Positive
817,wonderful product fast delivery,4,0.5719,Positive
818,initially harder set called tech knowledgeable working great,8,0.6249,Positive
819,easy set family love,4,0.7964,Positive
820,great sound responsive voice command,5,0.765,Positive
821,live long echo enjoy music style alexa going upg reade wireless love echo love alexa,15,0.9118,Positive
822,cool product speaker sound good spot if y blasting,9,0.6369,Positive
823,fun alexa love listen music room busy,7,0.8176,Positive
824,nice item pick voice understands problem day asked turn music room heard fine ive listen music check weather thing,19,0.2263,Positive
825,love echo,2,0.6369,Positive
826,love its he helpful remembering thing sleep week learning,9,0.7906,Positive
827,better st gen ring top volume control quicker easier grab top twist button find press time bass bit better great device happy,22,0.9584,Positive
828,love alexa,2,0.6369,Positive
829,,0,0.0,Neutral
830,thoroughly enjoying eco o love read audiobook office simply open audiobook kindle continue wonderful listening music mood book great setting reminder,21,0.9513,Positive
831,love,1,0.6369,Positive
832,love,1,0.6369,Positive
833,love sound quality unit clear sound,6,0.7783,Positive
834,listening talk radio morning turning light system excellent job full house sound system streaming sirius,15,0.5719,Positive
835,week learning alexa learning process love music call time listen podcasts radio station started keeping shopping list grocery list love dont search paper pencil time temperature great wait weather report sound good fussy woofer tweeter base echo fine afternoon going dropping in on son going surprise,46,0.9601,Positive
836,feature,1,0.0,Neutral
837,great sound quality great feature great product multi room music cool,11,0.9393,Positive
838,cool,1,0.3182,Positive
839,echo three bought echo qvc,5,0.0,Neutral
840,annoying alexa downloaded spend time figure phrase machine,8,-0.4019,Negative
841,alexa accidentally spilled water replaced generation decided echo setup easy working minute,12,0.128,Positive
842,alexia music hear trouble finding song specific title,8,-0.4019,Negative
843,better original echo moved echo basement family room nice sound,10,0.7906,Positive
844,echo wonderful learning music request limited,6,0.4215,Positive
845,doesnt half thing asked cant recognize sprinkler wifi controller product detail compatible cant program change wifi thermostat setting matched wifi router handy music player amazon music,26,0.1779,Positive
846,love,1,0.6369,Positive
847,awesome understands kid,3,0.6249,Positive
848,pleasantly surprised sound quality feature nice easily hear artist hear book simple command forward exploring option device,17,0.8481,Positive
849,met exceeded expectation easy set quick response,7,0.4404,Positive
850,fact kind music prime request alexa informative photo little pamphlet included connect tv command alexa love music,17,0.8225,Positive
851,access echo thorough prime account top video music setup app define example music integrated echo playlist echo set play list setting fact exact match playlist name remember i ready nature echo respond query,33,0.6908,Positive
852,great item audible book better,5,0.7906,Positive
853,prime day gen echo sale resist smart set happier alexa amazing job connecting smart device control light smart plug tv trouble connecting echo wifi phone app work perfectly fine add skill routine smart device timer sound quality good audiophile alexa hear voice watching movie high volume design great modern definitely add nice touch change cover sale great addition enables possibility havent add alexa,63,0.989,Positive
854,versatile fun,2,0.5106,Positive
855,work great killer speaker wife son love,7,0.6124,Positive
856,regret waiting long purchase item surprised pleased sound quality,9,0.25,Positive
857,stopped working week didnt follow command fun working,8,-0.5577,Negative
858,love working thing set love grocery list app,8,0.8555,Positive
859,performs pretty expected disappointed provide terminology play kind music subscribing amazon music service understand music choice limited knowing access music provided free echo purchase chart showing language,27,0.8402,Positive
860,easy set,2,0.4404,Positive
861,product speaker high quality expected,5,0.0,Neutral
862,great investment alexa helped laugh,5,0.8271,Positive
863,ex ho love,3,0.6369,Positive
864,love plan gender music big band jazz easy find local radio sound good voice command phone call,17,0.875,Positive
865,good,1,0.4404,Positive
866,super easy set loving echo,5,0.8934,Positive
867,speaker alexa,2,0.0,Neutral
868,best father day gift dad joked mom alexa listening repeated story going forward,13,0.8555,Positive
869,great addition breakfast room kitchen tune instantly slowly learning feature,10,0.6249,Positive
870,sound quality,2,0.0,Neutral
871,sad joke worthless,3,-0.5859,Negative
872,entertainment,1,0.4215,Positive
873,good quality,2,0.4404,Positive
874,work great sound great beat battery better portability,8,0.9022,Positive
875,loved till stole d cant afford replace going,8,0.5994,Positive
876,alexa rock,2,0.0,Neutral
877,gift love bought allows play music am oz on prime music worth news brief tell joke,16,0.9118,Positive
878,,0,0.0,Neutral
879,mom bought echo dot repeated great told day hour live life amazing large speaker small echo dot returning going order alexa speaker big echo to ull returning echo dot live,30,0.836,Positive
880,love great product,3,0.8519,Positive
881,easy set user friendly,4,0.7269,Positive
882,disappointed alexa plugin wall socket time fault checking assumption company technologically advanced amazon sell product rechargeable battery return apple music boom speaker flexibility alexa,24,-0.1779,Negative
883,dont gen sound good st aux add external speaker going dot issue isnt unique unit dont understand cant override default prevents playing blue tooth speaker playing group delay bt speaker unit heard play group bt speaker,36,0.0186,Neutral
884,,0,0.0,Neutral
885,interaction question dont cant setup schedule connected lamp,8,0.0,Neutral
886,sup be rb sound definitely worth extra money listen lot music,11,0.5574,Positive
887,love amazon echo sound quality great lot fun handy music update weather sport,13,0.9231,Positive
888,love grandkids,2,0.6369,Positive
889,worked intuitive link device skill hang,6,0.0,Neutral
890,work advertised,2,0.0,Neutral
891,love,1,0.6369,Positive
892,love addition house speaker quality great love alexa complaint suggestion future series better communication ability example smart light house kitchen light kitchen light prior command respond doesnt recognize alexa respond repeat alexa time respond husband sound odd laugh southern thing alexa manner,42,0.9661,Positive
893,music trivia game weather,4,0.0,Neutral
894,described received time automatic enrolment music,6,0.0,Neutral
895,great device,2,0.6249,Positive
896,owned echo over a year lack easy increase decrease volume telling increase decrease volume hard wife english second language born korea sound echo superb,24,0.836,Positive
897,love kitchen work,3,0.6369,Positive
898,nice impressed,2,0.7096,Positive
899,love product nice easy access info,6,0.872,Positive
900,great sound bass doesnt work time hot recognizes thing,9,0.6249,Positive
901,discovering echo,2,0.0,Neutral
902,amazing pa roduct,3,0.5859,Positive
903,good hearing range sound quality bit complicated set doesnt understand lot speaking slowly clearly love flash briefing feature interfacing abode security system,22,0.9042,Positive
904,speaker sound good,3,0.4404,Positive
905,absolutely love,2,0.6697,Positive
906,best product control thermostat light house isnt dislike,8,0.7494,Positive
907,thoroughly enjoying amazon echo installation easy alexa app purchased kasa smart plug control living room light installation easy kasa app sin que d echo enjoying playing music echo sound quality awesome kasa smart bulb kitchen setup seamless forward adding automation,40,0.9677,Positive
908,entertainment,1,0.4215,Positive
909,cool product easy setup fun sound quality better anticipated,9,0.886,Positive
910,love great sound easy connect,5,0.9042,Positive
911,doesnt work fairly smart tv tv manufacturers lg fault supporting older tv year smart lock additional piece equipment order connect speaker sound great work,24,0.1984,Positive
912,great sound little speaker,4,0.6249,Positive
913,enjoy,1,0.4939,Positive
914,,0,0.0,Neutral
915,cool,1,0.3182,Positive
916,good quality great sound quality,5,0.7906,Positive
917,work perfectly,2,0.6369,Positive
918,great product alexa understand command fire tv fabulous speaker,9,0.7269,Positive
919,love echo great sound smart,5,0.9001,Positive
920,love,1,0.6369,Positive
921,play great,2,0.7579,Positive
922,work absolutely great,3,0.659,Positive
923,amazing product great sound quality,5,0.836,Positive
924,best thing ive invested,4,0.6369,Positive
925,extremely impressed item bought warehouse outlet minor imperfection cant work great didnt packaging sealed damage missing sound quality knock bose great family easy minor learning curve learns voice integrates seamlessly amazon services cant wait classroom lot fun speaker plan,39,0.6289,Positive
926,love echo bedroom wonderful music info sleeping sound,8,0.836,Positive
927,awesome life changer seriously start morning alexa wake me alarm playing music voice room listen love echo dont hesitate price speaker unbelievable buying cordless holder echo love purchase love alexa,30,0.9585,Positive
928,super impressed alexa prime lapsed play isnt smart differentiate spot if y account cant randomly speaks talking today unplugged her not ill alexa,23,0.8582,Positive
929,,0,0.0,Neutral
930,,0,0.0,Neutral
931,issue buying electronics long good read comment,7,0.4404,Positive
932,family love echo,3,0.6369,Positive
933,bought wife love,3,0.6369,Positive
934,fun today pod car house,5,0.5106,Positive
935,,0,0.0,Neutral
936,third echo worth penny household employee small flat rate bedroom living room drop in intercom listen music answer quick question alarm wake school,23,-0.3818,Negative
937,listen music set timer,4,0.0,Neutral
938,received echo perfect condition device easy set responds issue alexa great addition family,13,0.8934,Positive
939,good sound music scheduling random thought recorded joke cute,9,0.7964,Positive
940,purchased learn pleased amazed action perform enjoying forward learning option,10,0.8591,Positive
941,echo great smaller,3,0.6249,Positive
942,funny buy fun wind totally loving,6,0.8858,Positive
943,bought replace dot living room speaker better hears better tv doesnt understand respond request dot frequently request time dot exactly request dont consider upgrade,24,0.7003,Positive
944,good experience second generation echo thing learn time enjoying music weather update alarm feature personality purchased mini smart socket excited,20,0.8402,Positive
945,trouble connecting tv exactly tech smart grandson figure ive music,10,0.0,Neutral
946,simply love echo watch tv busy listening music speaker pretty goo size fun skill echo fun family,17,0.9325,Positive
947,enjoyed entire echo experience,4,0.5106,Positive
948,easy set,2,0.4404,Positive
949,echo amazing device time intuitive time clear simple result installation fairly straightforward messed time simply thought step complete lose ground figured advice patient app move step my biggest issue moment echo device intercom told cant echo aware existence alexa answer instruction change fault designer anticipate easier find needed instruction small deal device savvy people challenge,55,0.4019,Positive
950,loving,1,0.5994,Positive
951,original alexa tap generation best happy making improvement one it great update little a i help lot bug happy play music house adjust bass treble,25,0.9772,Positive
952,pleased echo generation nice alexa music weather news lot havent discovered,11,0.6908,Positive
953,pleasantly surprised sound quality echo big fan deep bass sufficient potential control option explore evolve smart voice recognition impressive stylish fun regret purchase great technically change people play song movie responds instantly elderly loved great gift connected wifi simple unlimited music control amazon prime premium spot if y blown personal dj conversation echo embarrassed echo laugh couple time joke tell package amazon prime addict extremely handy,66,0.9881,Positive
954,easy setup love thing,4,0.7964,Positive
955,alexa house the future arrived,5,0.0,Neutral
956,alexa amazon find today resist echo best thing side house happier,11,0.8519,Positive
957,arrived expected,2,0.0,Neutral
958,bought week ago product excellent dont forget buy charger ordering pool worry hiring electrician outlet yard,16,0.354,Positive
959,terrific,1,0.4767,Positive
960,love echo,2,0.6369,Positive
961,smaller original nicer,3,0.6369,Positive
962,work great,2,0.6249,Positive
963,husband call late adopter technology decide echo serve music source wow amazed great sound great time listening favorite song buy alexa buy elderly dad enjoy listen music place call,29,0.9698,Positive
964,enjoyed changing directv channel play i heart radio pandora adjusts ac thermostat turn living room light light,17,0.6908,Positive
965,wanting bought prime day absolutely love,6,0.6697,Positive
966,glad echo bluetooth speaker alexa stuff smart speaker personally love timer feature helped cooking multiple thing simultaneously pandora integration feature daily happy prime day purchase echo hub echo dot future,30,0.9274,Positive
967,subject love,2,0.6369,Positive
968,love,1,0.6369,Positive
969,easy setup,2,0.4404,Positive
970,hesitant buy echo echo dot good echo sound quality didnt feel needed glad difference sound superior echo dot listen greatest showman little power,23,0.7975,Positive
971,sound quality great learning thing fun,6,0.8126,Positive
972,good deal work great prime setup bit pain fault crappy internet service worked great nice sound small speaker,18,0.6486,Positive
973,love,1,0.6369,Positive
974,work great perfect office,4,0.8316,Positive
975,love inside house pool good bose speaker house,8,0.7964,Positive
976,easy use amazing,3,0.7717,Positive
977,nice product,2,0.4215,Positive
978,love echo totally amazed speaker quality bummed didnt buy prime day,11,0.8268,Positive
979,responsive great sound quality size,5,0.765,Positive
980,efficient amazing cool day,4,0.836,Positive
981,impressed quality sound echo definitely comparable bose mini star cant apple music account,13,0.7003,Positive
982,technology small device price good sound amazing feature,8,0.7717,Positive
983,music learning time bad,4,-0.5423,Negative
984,replaced st gen concerned smaller unit sound i wrong volume clear good product,13,0.34,Positive
985,great addition echo,3,0.6249,Positive
986,best,1,0.6369,Positive
987,love feature play music room multiple echo,7,0.765,Positive
988,love alexa surprised,3,0.7269,Positive
989,product enjoyment love,3,0.8316,Positive
990,easy great sound it great purchase great price,8,0.9451,Positive
991,easy set issue,3,0.4404,Positive
992,unit add pleasure echo music room,6,0.5719,Positive
993,extremely simple thing spot if y audible thing doesnt answer nice,11,-0.3252,Negative
994,difficult set timing enter password,5,-0.3612,Negative
995,echo shopping list listening music timer working great,8,0.6249,Positive
996,cool lot fun week learning capability,6,0.6808,Positive
997,love love,2,0.8555,Positive
998,love hard time setting apps,5,0.5859,Positive
999,office apartment music,3,0.0,Neutral
1000,great music little hard figure work,6,0.6115,Positive
1001,year time birthday gift dad love alexa answer good homework purchased prime day bathroom ready work listen music base metro booming replacement clock radio echo dot night stand alarm clock,30,0.8779,Positive
1002,impressed clarity sound color,4,0.7003,Positive
1003,alexa amazing great speaker,4,0.836,Positive
1004,alexa dont connected tv thing music great,7,0.6249,Positive
1005,work sound great house barely sf sitting kitchen counter hear speak room lot functionality discover,15,0.6249,Positive
1006,pure fun echo weather joke news briefing music lot fun money,11,0.8316,Positive
1007,time communicate kid,3,0.0,Neutral
1008,love learning lot thing easier forget turn light room alexa turn light,12,0.7269,Positive
1009,bought daughter turned love calling feature doesnt cell phone love playing music dancing amazon music play favorite song lol,19,0.959,Positive
1010,wedding gift havent discovered feature update playing music great,9,0.8316,Positive
1011,impressed sound quality,3,0.4767,Positive
1012,pleased purchase echo smart speaker love fact play music genre want had trouble wi fi working,16,0.8689,Positive
1013,wife enjoy ease playing music game fun entertaining forward adding smart product,12,0.9371,Positive
1014,second echo love help kitchen set timer listen news prepare grocery list great music,14,0.9001,Positive
1015,sound quality good alexa answer question,6,0.4404,Positive
1016,second echo dot speaker weak purchased listening music speaker great,10,0.296,Positive
1017,great sound,2,0.6249,Positive
1018,great,1,0.6249,Positive
1019,speaker stream music month kinda useless,6,-0.3626,Negative
1020,set user friendly setup user friendly hoped alexa app download pc installing invasive driver wife retired install alexa son supplying smart phone alexa,23,0.8934,Positive
1021,easy set enjoying,3,0.743,Positive
1022,echo doesnt built battery plugged time inconvenient,7,-0.34,Negative
1023,compact bit better original,4,0.6369,Positive
1024,love pretty cool,3,0.8658,Positive
1025,living room music sound good living room hear upstairs,9,0.4404,Positive
1026,great product set easy sound wonderful,6,0.8934,Positive
1027,bought music sound pretty good,5,0.7269,Positive
1028,love,1,0.6369,Positive
1029,love,1,0.6369,Positive
1030,glad bought,2,0.4588,Positive
1031,type fun music,3,0.5106,Positive
1032,volume top turn,3,0.2023,Positive
1033,capability program grandkids lve,4,0.0,Neutral
1034,love echo hour music help things it difficult set help tekk ie,12,0.7964,Positive
1035,good bose love house music,5,0.7964,Positive
1036,alexa,1,0.0,Neutral
1037,easy setup app easy install phone sound quality listening music pandora wonderful,12,0.8591,Positive
1038,learning echo love,3,0.6369,Positive
1039,work awesome,2,0.6249,Positive
1040,work great,2,0.6249,Positive
1041,small speaker sound great,4,0.6249,Positive
1042,great sound size prize course alexa,6,0.8126,Positive
1043,dont echo definitely,3,-0.3089,Negative
1044,great device work better st generation,6,0.7906,Positive
1045,,0,0.0,Neutral
1046,great prime day buy,4,0.6249,Positive
1047,love alexa,2,0.6369,Positive
1048,alexa easy operate set day love,6,0.7964,Positive
1049,great speaker lot capability fun learn,6,0.8126,Positive
1050,product phone weather watch video,5,0.0,Neutral
1051,dont thought synced kasa cam check baby crib lot lyric music cool clock standard do tish feature,17,0.3182,Positive
1052,amazing day,2,0.5859,Positive
1053,smaller understood command easily first gen original echo,8,0.5719,Positive
1054,worthy successor echo dot bed room alarm clock price stand,10,0.34,Positive
1055,love device functionality amazon echo benefit video screen great nightstand clock lot face choose display weather reminder video call face time great shape doesnt lot room planning guest room awesome great price,32,0.9783,Positive
1056,love echo spot bedside alarm clock size device the echo concerned large echo my bedroom answered alexa device was concerned device answering time discovered that choice avoid confusion i named echo choose male voice loved link to my security camera doorbell feature dont forget buy the stand base advantage read review highly recommend,53,0.8795,Positive
1057,love little spot thought sound great little thing my music play nice loud clear video terrific i watching prime heck impressed convinced mom buy sister birthday only thing stars i cordless love kitchen find place plug pain connect bluetooth speaker playing amazon prime music reason drag hear dining room dinner course cordless bring me otherwise absolutely love buy,58,0.9844,Positive
1058,bought prime day glad easy lot customization option review screen small hard read disagree,14,0.4404,Positive
1059,honestly time dont bought smaller exact thing half bought video chat,11,0.4588,Positive
1060,great lyric time freeze doesnt respond properly no error message lack connectivity it stop resetting resolve problem,17,-0.0289,Neutral
1061,love echo spot,3,0.6369,Positive
1062,thing echo spot voice command feature answer play music adjust echo easy,12,0.6486,Positive
1063,love perfect alarm clock replacement,5,0.7579,Positive
1064,love echo spot great checking weather thing work great alarm clock bedroom,12,0.9001,Positive
1065,absolutely love product bought dot,5,0.6697,Positive
1066,weather hear music played speaker clear enjoying creepy day husband played song stereo day asked echo play music artist song echo played exact song artist husband played stereo day little disconcerting,31,0.9432,Positive
1067,echo spot bought alarm clock negative didnt wake morning groggy hard alexa turn alarm hard remember command snooze minute case clock button work better,24,-0.7506,Negative
1068,second echo spot echo dot love alexia responds,8,0.6369,Positive
1069,love echo spot,3,0.6369,Positive
1070,slow compared echo,3,0.0,Neutral
1071,love designed choice face bed side drop echo house frequently yelling,11,0.4767,Positive
1072,terrific sound small device nice form factor nightstand convenience time temperature alexa video nice device square rectangular screen,18,0.8271,Positive
1073,alexa spot lot,3,0.0,Neutral
1074,perfect little gizmo bought purpose set wake up alarm individual day set wake up music individually day second wanted control bedroom light voice shut falling asleep bed turn switch echo spot smart plug has accomplish bonus alexa play music amazon prime playlists whats great alexa hard time understanding instruction repeating altering thing pretty frustrating hopefully a i better future function,60,0.9698,Positive
1075,love easy,2,0.7964,Positive
1076,night stand clock alarm work great morning weather news reminds appointment wife,12,0.4019,Positive
1077,love,1,0.6369,Positive
1078,fault thought wireless price feel sound quality volume better prefer tap call option today phone computer i pads worth,19,0.2732,Positive
1079,easy quicker cell phone,4,0.4404,Positive
1080,love echo spot,3,0.6369,Positive
1081,love clock set alarm fussing button,6,0.4215,Positive
1082,pleased amazon hit park great run great love,8,0.9517,Positive
1083,responds easily ability night,4,0.5719,Positive
1084,easy setup love,3,0.7964,Positive
1085,simply amazing awsome device cease amaze wake big bang music sleep softly falling rain drop kid touch scratched surface devise,20,0.6808,Positive
1086,skeptical grows good turn camera,5,0.1531,Positive
1087,sound quality disappointing,3,-0.4939,Negative
1088,love love small rid cd alarm clock radio room nightstand,10,0.7906,Positive
1089,great sound video great stuff alexa offer turn light,9,0.8481,Positive
1090,ease product,2,0.3612,Positive
1091,pretty happy spot glorified alarm clock radio cost effective eh read review scrolling issue good,15,0.93,Positive
1092,entering smart technology havent figured pretty cool,7,-0.224,Negative
1093,smaller anticipated work quality sound easily programmed easy work alexa good voice program,13,0.802,Positive
1094,,0,0.0,Neutral
1095,love echo spot,3,0.6369,Positive
1096,great deal great product,4,0.8481,Positive
1097,perfect,1,0.5719,Positive
1098,couple echo dot bought ring doorbell video cloud cam display interface capability disappointed love fact front yard yard front door etc the video chat room cool bonus alexa ant man trailer etc i laptop desktop cool appliance doesnt interrupt,39,0.8817,Positive
1099,bought bedroom living room love spot perfect bedside impressive design lyric photo paired smart plug bedroom lamp alexa turn light love,21,0.959,Positive
